Maria,Espinoza,365 Bond Street,WOONSOCKET,RI,02895,Maria.M.Espinoza@pookmail.com,401-766-7187
Richard,Madigan,2845 Brannon Avenue,St Augustine,FL,32084,Richard.B.Madigan@mailinator.com,904-829-1557
Jason,Rodriquez,1378 Collins Avenue,Canal Winchester,OH,43110,Jason.B.Rodriquez@mailinator.com,614-834-8133
Trena,Shelton,4689 Abia Martin Drive,DEERPARK,NY,11729,Trena.J.Shelton@spambob.com,631-491-0404
Janet,Murray,2894 Diamond Street,Charlotte,NC,28217,Janet.R.Murray@pookmail.com,828-523-7262
Tempie,Keller,3702 Norma Avenue,Dayton,OH,45402,Tempie.L.Keller@pookmail.com,937-250-5091
Michael,Stahl,1506 Don Jackson Lane,Southfield,MI,48075,Michael.P.Stahl@dodgit.com,810-222-0638
Perry,Carr,1860 Kincheloe Road,Tigard,OR,97223,Perry.C.Carr@trashymail.com,503-490-6168
George,Bays,4724 White Avenue,Corpus Christi,TX,78405,George.G.Bays@mailinator.com,361-825-4063
Cristina,Curry,57 Big Indian,New Orleans,LA,70112,Cristina.F.Curry@spambob.com,504-591-8408
Ann,May,1028 Pooz Street,Lyndhurst,NJ,07071,Ann.C.May@spambob.com,732-228-5623
Yvonne,Smith,4028 Willow Greene Drive,Montgomery,AL,36104,Yvonne.K.Smith@mailinator.com,334-241-7588
Clarence,Brogdon,2081 Pine Street,Sewickley,PA,15143,Clarence.L.Brogdon@pookmail.com,724-328-8748
Oralia,Leahy,1421 Sunset Drive,Hope,AR,71801,Oralia.C.Leahy@spambob.com,870-722-3095
Shelby,Mccleary,4131 Coplin Avenue,Phoenix,AZ,85040,Shelby.J.Mccleary@pookmail.com,602-475-8668
Randy,Figgs,1181 Elliot Avenue,Seattle,WA,98161,Randy.R.Figgs@trashymail.com,206-505-1510
Ronald,Dudley,4678 Jim Rosa Lane,Oakland,CA,94612,Ronald.V.Dudley@pookmail.com,415-874-1982
Scott,Mccollum,2409 Tibbs Avenue,OVANDO,MT,59854,Scott.M.Mccollum@spambob.com,406-793-6492
Jeremy,Pawlak,4008 Woodbridge Lane,Westland,MI,48185,Jeremy.R.Pawlak@spambob.com,313-447-9116
Kermit,Corl,1363 Weekley Street,San Antonio,TX,78213,Kermit.D.Corl@mailinator.com,210-349-2474
Zachary,Mayes,767 Robinson Lane,Columbus,OH,43215,Zachary.T.Mayes@spambob.com,740-422-7109
Gary,Andrews,3229 Parrish Avenue,San Antonio,TX,78213,Gary.C.Andrews@trashymail.com,830-837-3708
Christopher,Bruhn,705 Fieldcrest Road,Babylon,NY,11702,Christopher.K.Bruhn@pookmail.com,631-893-8853
Eun,Nguyen,1505 Heather Sees Way,Tulsa,OK,74119,Eun.B.Nguyen@pookmail.com,918-714-2903
Marissa,Osterberg,1132 West Drive,Chicago,IL,60601,Marissa.W.Osterberg@pookmail.com,312-503-9584
Charles,Butts,1058 Elm Drive,Garden City,NY,11530,Charles.M.Butts@mailinator.com,646-388-0372
Nannie,Barker,3103 Rockford Mountain Lane,Appleton,WI,54914,Nannie.C.Barker@trashymail.com,920-205-7924
Kim,Coulombe,197 Center Avenue,Fresno,CA,93702,Kim.D.Coulombe@spambob.com,559-454-9104
Robert,Buterbaugh,1941 Crim Lane,Miamisburg,OH,45342,Robert.D.Buterbaugh@pookmail.com,937-859-0767
Harry,Slater,915 Locust Court,Los Angeles,CA,90017,Harry.G.Slater@pookmail.com,562-450-0756
Aaron,Cherry,4022 Candlelight Drive,HOUSTON,TX,77586,Aaron.F.Cherry@pookmail.com,281-474-4059
Rebekah,Fraser,4545 Ben Street,MOOERS,NY,12958,Rebekah.B.Fraser@pookmail.com,518-236-5600
Delois,Scott,955 Pineview Drive,LAKE PARK,MN,51347,Delois.K.Scott@trashymail.com,507-839-8039
Trevor,Martin,752 Bobcat Drive,Annapolis Junction,MD,20701,Trevor.M.Martin@pookmail.com,240-997-3043
Reva,Garcia,2843 Clement Street,Atlanta,GA,30303,Reva.J.Garcia@pookmail.com,404-434-5731
Keith,Gravely,3484 Davis Street,Augusta,GA,30901,Keith.J.Gravely@pookmail.com,706-365-7216
Frankie,Francisco,2750 Capitol Avenue,Delphi,IN,46923,Frankie.D.Francisco@dodgit.com,765-564-6893
Cathy,Million,470 Stanley Avenue,Plainview,NY,11803,Cathy.J.Million@pookmail.com,516-576-9734
Nichole,Kees,2586 Milford Street,ANDOVER,NH,03216,Nichole.D.Kees@spambob.com,603-735-0169
Jeremy,Pineda,2267 Eagle Street,Collinsville,IL,62234,Jeremy.M.Pineda@pookmail.com,618-345-5267
Katie,Torrance,1175 Granville Lane,NEWARK,NJ,07102,Katie.S.Torrance@dodgit.com,973-526-4686
James,Mcallister,1574 Cook Hill Road,WALLINGFORD,CT,06492,James.M.Mcallister@spambob.com,203-510-5542
Christine,Jackson,2781 Jerry Dove Drive,BURGESS,SC,29576,Christine.J.Jackson@pookmail.com,843-436-7810
Jose,Guyer,949 Burton Avenue,Memphis,TN,38115,Jose.H.Guyer@pookmail.com,901-691-0541
Bette,Munoz,1893 Rainy Day Drive,NEWTON,MA,02160,Bette.T.Munoz@mailinator.com,617-965-8262
John,Hayes,2825 Sycamore Road,PORTLAND,OR,97232,John.N.Hayes@trashymail.com,541-380-4866
Shirley,Davis,3810 Calvin Street,Columbia,MD,21045,Shirley.L.Davis@mailinator.com,443-364-0483
Brian,Hogan,1355 Felosa Drive,Los Angeles,CA,90017,Brian.D.Hogan@mailinator.com,323-967-0920
David,Woods,4534 Maxwell Street,Bloomfield,CT,06002,David.L.Woods@mailinator.com,860-796-3406
Rebecca,Ortiz,3256 Murphy Court,Minneapolis,MN,55406,Rebecca.M.Ortiz@pookmail.com,952-250-6371
Francis,Rogers,1553 Feathers Hooves Drive,New York,NY,10013,Francis.P.Rogers@mailinator.com,631-714-3598
Maria,Estes,3915 Charles Street,Southfield,MI,48075,Maria.A.Estes@mailinator.com,734-450-3334
Eric,Burton,4992 Turkey Pen Road,MANHATTAN,NY,10016,Eric.N.Burton@mailinator.com,917-253-6285
Danny,Ellis,3408 Barfield Lane,Indianapolis,IN,46202,Danny.C.Ellis@trashymail.com,317-565-3682
Clyde,Stewart,4613 Nickel Road,Pomona,CA,91766,Clyde.T.Stewart@spambob.com,626-642-3168
Nelson,Metcalf,3042 Bingamon Branch Road,Burr Ridge,IL,60527,Nelson.E.Metcalf@dodgit.com,847-237-4916
Wilma,Marquez,105 Robinson Court,Saginaw,MI,48601,Wilma.T.Marquez@dodgit.com,989-482-3174
Lula,Young,3900 Sweetwood Drive,CASTLE ROCK,CO,80104,Lula.J.Young@mailinator.com,303-387-8650
Myrtie,Manning,421 Masonic Hill Road,Little Rock,AR,72210,Myrtie.D.Manning@trashymail.com,501-472-4678
Jessica,Hammer,2416 Calvin Street,Baltimore,MD,21202,Jessica.A.Hammer@spambob.com,443-361-9698
Carl,Clayton,3474 University Street,Seattle,WA,98133,Carl.P.Clayton@mailinator.com,206-437-5766
William,Marshall,3712 Cherry Camp Road,Chicago,IL,60607,William.D.Marshall@spambob.com,773-432-2987
Florence,Blaha,3302 Martha Street,Kingman,AZ,86401,Florence.R.Blaha@pookmail.com,928-692-6061
Steven,Story,4008 Woodbridge Lane,Livonia,MI,48150,Steven.L.Story@pookmail.com,313-525-9093
Judy,Schrack,4901 Owagner Lane,Burien,WA,98168,Judy.M.Schrack@mailinator.com,206-248-9384
Clinton,Lamb,4242 Central Avenue,NEWARK,NJ,07102,Clinton.C.Lamb@pookmail.com,201-377-1820
Santiago,Bailey,3399 Coburn Hollow Road,Peoria,IL,61602,Santiago.J.Bailey@trashymail.com,309-437-8527
Martha,Villalobos,4444 Sycamore Circle,GRAND FORKS AIR BASE,ND,58228,Martha.J.Villalobos@mailinator.com,701-215-3592
Renee,Longoria,2225 Jarvis Street,Buffalo,NY,14216,Renee.M.Longoria@spambob.com,716-946-1718
Robert,Lopez,4575 Beeghley Street,GLEN ROSE,TX,76043,Robert.M.Lopez@trashymail.com,254-897-2845
Allen,Carlson,2939 Wildwood Street,Northfield,OH,44067,Allen.H.Carlson@mailinator.com,330-748-3433
Margaret,Hanson,3491 Franklin Avenue,DAYTONA BEACH,FL,32114,Margaret.G.Hanson@spambob.com,386-235-9679
Nina,Dean,1026 Pinnickinnick Street,RAHWAY,NJ,07065,Nina.A.Dean@dodgit.com,732-815-6740
Dolores,Rosen,4280 Whitman Court,WILTON,CT,06897,Dolores.J.Rosen@pookmail.com,203-563-5185
Willard,Brown,3009 Young Road,Idaho Falls,ID,83402,Willard.K.Brown@dodgit.com,208-529-3246
William,Dominy,389 Granville Lane,CLIFTON,NJ,07011,William.B.Dominy@mailinator.com,973-478-4985
Fred,Blair,4471 Whitman Court,WATERBURY,CT,06702,Fred.J.Blair@pookmail.com,203-596-3456
Barbara,Rennick,3083 Luke Lane,Oklahoma City,OK,73102,Barbara.P.Rennick@dodgit.com,580-205-8553
Martha,Christiansen,1857 Ritter Avenue,Roseville,MI,48066,Martha.R.Christiansen@mailinator.com,586-773-8624
Jonathan,Keegan,4788 Crim Lane,Xenia,OH,45385,Jonathan.C.Keegan@mailinator.com,937-708-1942
Amy,Williams,183 Warner Street,Miami Springs,FL,33166,Amy.W.Williams@mailinator.com,305-966-4636
Michael,Burns,1146 Reppert Coal Road,Detroit,MI,48226,Michael.I.Burns@dodgit.com,586-943-4112
Matthew,Woolsey,578 Camden Place,Conway,SC,29526,Matthew.E.Woolsey@mailinator.com,843-855-2463
Kyle,Means,2549 Ella Street,OAKLAND,CA,94607,Kyle.M.Means@mailinator.com,650-271-3864
Megan,Barrera,4956 Ingram Street,COVINGTON,OH,45818,Megan.G.Barrera@trashymail.com,937-473-4398
Gladys,Mcgrew,1176 Hampton Meadows,BOSTON,MA,02110,Gladys.W.Mcgrew@pookmail.com,978-380-0950
Peggy,Moore,1000 Calico Drive,COLVILLE,WA,99114,Peggy.J.Moore@spambob.com,509-685-0640
Matthew,Mcmanus,2174 Hilltop Street,LUDLOW,MA,01056,Matthew.J.Mcmanus@dodgit.com,413-589-7310
Corey,Gray,4885 Martha Ellen Drive,GLENBROOK,NV,89413,Corey.D.Gray@dodgit.com,775-749-7351
Sally,Emig,2565 Tenmile,Escondido,CA,92025,Sally.R.Emig@mailinator.com,760-233-3376
Jean,Anderson,2362 Marshville Road,PLEASANT VALLEY  DUT,NY,12569,Jean.E.Anderson@spambob.com,845-635-9202
Flora,Lewis,1772 Browning Lane,Madison,WI,53718,Flora.J.Lewis@spambob.com,608-220-4971
Nathaniel,Hanes,301 Stark Hollow Road,Denver,CO,80202,Nathaniel.M.Hanes@spambob.com,970-898-7545
Robert,Davis,4500 Heavner Court,Garden City,NY,11530,Robert.C.Davis@mailinator.com,516-222-7554
Justin,Gilchrist,954 Elm Drive,New York,NY,10022,Justin.J.Gilchrist@dodgit.com,646-497-8030
Josephine,Reyna,4428 Fidler Drive,San Antonio,TX,78227,Josephine.D.Reyna@pookmail.com,210-675-8835
Jennifer,Salter,307 Bombardier Way,WAYNE,MI,48184,Jennifer.V.Salter@spambob.com,734-981-2901
Sandy,Taylor,3889 Straford Park,VIRGIE,KY,41572,Sandy.D.Taylor@mailinator.com,606-639-6858
Lisa,Perez,1983 Hornor Avenue,DEPEW,OK,74028,Lisa.A.Perez@spambob.com,918-324-6206
Jesus,Williams,1391 Ethels Lane,Lakeland,FL,33801,Jesus.M.Williams@pookmail.com,863-682-3124
